ANTECEDANTS,CONSEQUENTS,SUPPORT,CONFIDENCE,LIFT,all_CONFIDENCE,KULCZYNSKI,COSINE
24,27,0.9672256513901786,0.9970197511773389,1.4038947341738611e-05,0.9956842623181275,0.9971723907363518,0.9971712803328535
"24,27",11,0.9669661877970175,0.9681775930887419,1.3665751879652001e-05,0.9679178741319919,0.9838248093199069,0.9836962055666773
24,11,0.9682635057628229,0.9694761878724917,1.366575679138984e-05,0.9692164689157418,0.9844742863733285,0.9843560430742045
27,11,0.9711585732233572,0.9723741046530702,1.3665767705016098e-05,0.9721143856963201,0.985923643962239,0.985826930099764
5,11,0.9800895832195335,0.9820110448903713,1.3656099465145173e-05,0.9810541855760293,0.9900398990240948,0.9899991205114625
AVERAGE:, ,6.628207108473411e-05,0.9778117363364027,1.3738464636588346e-05,0.9771974353276421,0.9882870058831841,0.9882099159169924
