ANTECEDANTS,CONSEQUENTS,SUPPORT,CONFIDENCE,LIFT,all_CONFIDENCE,KULCZYNSKI,COSINE
24,27,0.986610004,0,0.096006283,0,0,0
"24,27",11,0.987933677,0.093873518,0.096055137,0.098855359,0.104500029,0.104687674
24,11,1,1,0,1,1,1
5,11,0,0.794707736,1,0.803142012,0.81302721,0.81064981
AVERAGE:, ,0.74363592,0.472145314,0.298015355,0.475499343,0.47938181,0.478834371
